{
   "graph_json" : {
      "extras" : {
         "directed" : false,
         "bipartite" : true
      },
      "edges" : [
         {
            "s" : 0,
            "t" : 1
         },
         {
            "s" : 0,
            "t" : 2
         }
      ],
      "nodes" : [
         {
            "coords" : [
               0,
               0.410172542606127,
               -5.55111512312578e-17
            ],
            "degree_in" : 2,
            "label" : "命名",
            "score" : 0.425925925925926
         },
         {
            "coords" : [
               -0.5,
               -0.205086271303063,
               0
            ],
            "degree_in" : 1,
            "label" : "定名",
            "score" : 0.287037037037037
         },
         {
            "coords" : [
               0.5,
               -0.205086271303063,
               0
            ],
            "degree_in" : 1,
            "label" : "取名",
            "score" : 0.287037037037037
         }
      ]
   },
   "clustering_json" : [
      {
         "labels" : [
            [
               "命名",
               1
            ],
            [
               "定名",
               0.5
            ],
            [
               "取名",
               0.5
            ]
         ]
      }
   ]
}
