{
   "graph_json" : {
      "extras" : {
         "directed" : false,
         "bipartite" : true
      },
      "edges" : [
         {
            "s" : 0,
            "t" : 2
         },
         {
            "s" : 0,
            "t" : 1
         }
      ],
      "nodes" : [
         {
            "coords" : [
               0,
               0.410172542606127,
               -5.55111512312578e-17
            ],
            "degree_in" : 2,
            "label" : "賞心悅目",
            "score" : 0.430555555555555
         },
         {
            "coords" : [
               -0.5,
               -0.205086271303063,
               0
            ],
            "degree_in" : 1,
            "label" : "悅目娛心",
            "score" : 0.347222222222222
         },
         {
            "coords" : [
               0.5,
               -0.205086271303063,
               0
            ],
            "degree_in" : 1,
            "label" : "心曠神怡",
            "score" : 0.222222222222222
         }
      ]
   },
   "clustering_json" : [
      {
         "labels" : [
            [
               "賞心悅目",
               1
            ],
            [
               "悅目娛心",
               0.5
            ],
            [
               "心曠神怡",
               0.5
            ]
         ]
      }
   ]
}
