{
   "graph_json" : {
      "extras" : {
         "directed" : false,
         "bipartite" : true
      },
      "edges" : [
         {
            "s" : 0,
            "t" : 1
         },
         {
            "s" : 0,
            "t" : 2
         }
      ],
      "nodes" : [
         {
            "coords" : [
               0,
               0.410172542606127,
               -5.55111512312578e-17
            ],
            "degree_in" : 2,
            "label" : "總數",
            "score" : 0.430555555555555
         },
         {
            "coords" : [
               -0.5,
               -0.205086271303063,
               0
            ],
            "degree_in" : 1,
            "label" : "總額",
            "score" : 0.347222222222222
         },
         {
            "coords" : [
               0.5,
               -0.205086271303063,
               0
            ],
            "degree_in" : 1,
            "label" : "總量",
            "score" : 0.222222222222222
         }
      ]
   },
   "clustering_json" : [
      {
         "labels" : [
            [
               "總數",
               1
            ],
            [
               "總額",
               0.5
            ],
            [
               "總量",
               0.5
            ]
         ]
      }
   ]
}
